symbol,market_cap
1018GS2026,16497
20MICRONS,607.42
21STCENMGM,74.98
360ONE,38857.14
3IINFOLTD,406.07
3MINDIA,29638.4
3PLAND,74.27
522GS2025,118590
563GS2026,161706.91
574GS2026,80190
5PAISA,1063.75
63MOONS,3184.95
654GS2032,155766
664GS2027,21367.5
664GS2035,130542.38
675GS2029,42189
676GS2061,142099.56
679GS2034,157080
68GS2060,81830.58
692GS2039,62775
695GS2061,146265
697GR2034,1694
698GR2054,9400
699GS2026,57428
699GS2051,146818.05
702GS2027,38668.8
702GS2031,64832
704GS2029,90068
706GS2028,114663
709GS2054,90909
709GS2074,50525
710GS2029,155892.4
716GS2050,91520
717GS2030,106759.5
718GS2033,206527.5
718GS2037,178020
71GS2034,167200
725GS2063,247920
726GS2032,152010.8
726GS2033,163846
732GS2030,73500
733GS2026,47380
734GS2064,252360.1
737GR2054,10000
737GS2028,78150
738GS2027,146402
73GS2053,200869.5
741GS2036,157350
746GS2073,125190
74GS2035,91279.46
754GS2036,159623.7
759GS2026,120547
824GS2027,100234.45
826GS2027,71958.78
828GS2027,94785.88
883GS2041,105120
897GS2030,99882
92GS2030,70795.93
A2ZINFRA,290.25
AAATECH,102.63
AADHARHFC,16474.83
AAKASH,82.32
AAREYDRUGS,104.91
AARON,367.61
AARTECH,156.2
AARTIDRUGS,3221.83
AARTIIND,13685.13
AARTIPHARM,6605.28
AARTISURF,358.72
AARVEEDEN,342.51
AARVI,155.29
AATMAJ,37.74
AAVAS,13341.91
ABAN,237.55
ABB,104682.74
ABBOTINDIA,64997.36
ABCAPITAL,40847.51
ABCOTS,492.74
ABDL,8738.15
ABFRL,27582.65
ABHAPOWER,59.67
ABINFRA,443.96
ABMINTLLTD,44.22
ABREL,21222.18
ABSLAMC,17746.1
ABSLBANETF,2320.89
ABSLLIQUID,59.24
ABSLNN50ET,192.49
ABSLPSE,31.91
ABSMARINE,283.55
ACC,34167.89
ACCELYA,1940.41
ACCENTMIC,459.79
ACCURACY,113.22
ACE,12556.73
ACEINTEG,22.44
ACI,6109.05
ACL,554.88
ACLGATI,948.11
ACMESOLAR,11708.45
ADANIENSOL,78257.56
ADANIENT,242095.18
ADANIGREEN,121020.08
ADANIPORTS,231566.89
ADANIPOWER,188990.01
ADFFOODS,2581.79
ADL,37.83
ADORWELD,1496.64
ADROITINFO,39.13
ADSL,1124.56
ADVANIHOTR,524.96
ADVENZYMES,2908.9
AEGISLOG,26676
AEROFLEX,2230.78
AERON,208.5
AESTHETIK,110.21
AETHER,11283.43
AFCONS,15353.17
AFFLE,19681.43
AFFORDABLE,466.33
AFIL,290.62
AGARIND,1316.29
AGARWALEYE,12666.78
AGARWALFT,35.42
AGARWALTUF,164.73
AGI,4114.75
AGIIL,2003.54
AGNI,43.76
AGRITECH,87.32
AGROPHOS,62.85
AGSTRA,245.2
AHL,962.72
AHLADA,82.54
AHLEAST,223.53
AHLUCONT,4337.11
AIAENG,29395.92
AIIL,24016.1
AIMTRON,900.25
AIRAN,324.05
AIROLAM,152.71
AIRTELPP,43571.39
AISL,158.39
AJANTPHARM,30866.4
AJAXENGG,6800.34
AJMERA,2857.47
AJOONI,126.08
AKANKSHA,168.52
AKASH,43.34
AKG,45.82
AKI,79.15
AKIKO,75.39
AKSHAR,46.46
AKSHARCHEM,180.02
AKSHOPTFBR,132.6
AKUMS,7332.99
AKZOINDIA,14413.96
ALANKIT,433.31
ALBERTDAVD,487.96
ALEMBICLTD,2336.71
ALICON,1229.4
ALIVUS,11003.45
ALKALI,87.57
ALKEM,54760.77
ALKYLAMINE,8196.6
ALLCARGO,3071.19
ALLDIGI,1371.45
ALLETEC,746.68
ALMONDZ,362.58
ALOKINDS,7646.47
ALPA,204.54
ALPEXSOLAR,1439.04
ALPHA,478.69
ALPHAETF,338.52
ALPHAGEO,155.3
ALPL30IETF,1544.45
ALPSINDUS,9.82
ALUWIND,146.6
AMBANIORGO,77.19
AMBER,19042.63
AMBEY,124.73
AMBICAAGAR,43.37
AMBIKCO,761.43
AMBUJACEM,114535.24
AMDIND,84.81
AMIABLE,13.11
AMIORG,8850.03
AMJLAND,202.09
AMNPLST,1116.91
AMRUTANJAN,1671.61
ANANDRATHI,16666.39
ANANTRAJ,15805.61
ANDHRAPAP,1511.26
ANDHRSUGAR,969.08
ANGELONE,19859.97
ANIKINDS,252.56
ANKITMETAL,29.49
ANLON,163.89
ANMOL,93.11
ANNAPURNA,647.18
ANSALAPI,101.84
ANTGRAPHIC,16.9
ANUHPHR,771.72
ANUP,5627.44
ANURAS,6830.58
ANYA,262.8
APARINDS,23337.99
APCL,330.47
APCOTEXIND,1718.14
APEX,617.03
APEXECO,146.36
APLAPOLLO,39698.5
APLLTD,14801.2
APOLLO,3463.03
APOLLOHOSP,87492.96
APOLLOPIPE,1493.01
APOLLOTYRE,23816.29
APOLSINHOT,334.67
APRAMEYA,180.88
APS,833.03
APTECHT,647.9
APTUS,15466.75
ARABIAN,75.7
ARCHIDPLY,164.68
ARCHIES,60.77
ARENTERP,12.8
ARHAM,165.82
ARIES,303.26
ARIHANTACA,127.16
ARIHANTCAP,675.69
ARIHANTSUP,1638.17
ARISTO,67.3
ARKADE,2571.63
ARMANFIN,1348.03
AROGRANITE,54.54
ARROWGREEN,796.64
ARTEMISMED,3109.81
ARTNIRMAN,106.56
ARVEE,155.82
ARVIND,8803.26
ARVINDFASN,5032.82
ARVINDPORT,89.17
ARVSMART,3061.49
ASAHIINDIA,14993.79
ASAHISONG,337.71
ASAL,733.81
ASALCBR,1970.63
ASHALOG,106.08
ASHAPURMIN,3282.75
ASHIANA,3015.75
ASHIMASYN,367.99
ASHOKA,4849.49
ASHOKAMET,43.82
ASHOKLEY,62812.32
ASIANENE,1122.94
ASIANHOTNR,713.54
ASIANPAINT,209220.22
ASIANTILES,649.21
ASKAUTOLTD,6999.55
ASLIND,33.33
ASMS,444.38
ASPINWALL,195.46
ASPIRE,41.13
ASTEC,1432.02
ASTERDM,20177.83
ASTRAL,36104.51
ASTRAMICRO,5785
ASTRAZEN,16680
ASTRON,58.82
ATALREAL,128.22
ATAM,106.61
ATFL,1964.16
ATGL,61479.38
ATL,701.22
ATLANTAA,279.46
ATLASCYCLE,66.46
ATMASTCO,541.69
ATUL,15515.8
ATULAUTO,1226.33
AUBANK,42072.92
AURDIS,152.73
AURIONPRO,7581.37
AUROIMPEX,69.54
AUROPHARMA,61332.65
AURUM,501.45
AURUMPP1,529.01
AUSL,74.51
AUSOMENT,110.17
AUTOAXLES,2478.36
AUTOBEES,291.19
AUTOIETF,109
AUTOIND,274.3
AVADHSUGAR,750.59
AVALON,4412.09
AVANTEL,2709.12
AVANTIFEED,9435.01
AVG,372.34
AVIANSH,135.58
AVL,5614.86
AVONMORE,494.95
AVPINFRA,479.6
AVROIND,167.48
AVTNPL,852.03
AWFIS,4587.53
AWHCL,1504.39
AWL,31959.1
AXISBANK,314460.17
AXISBNKETF,283.45
AXISBPSETF,1167.38
AXISCADES,3098.47
AXISCETF,12.89
AXISGOLD,1413.82
AXISHCETF,18.77
AXISILVER,166.1
AXISNIFTY,644.67
AXISTECETF,178.23
AXITA,349.92
AXSENSEX,118.87
AYMSYNTEX,1137.57
AZAD,7507.35
BABAFP,78.29
BAFNAPH,174.94
BAGFILMS,138.03
BAHETI,418.73
BAIDFIN,126.67
BAJAJ-AUTO,221037.98
BAJAJCON,2120.21
BAJAJELEC,6966.67
BAJAJFINSV,298607.75
BAJAJHCARE,1907.63
BAJAJHFL,90610.24
BAJAJHIND,2400.16
BAJAJHLDNG,128544
BAJAJINDEF,695.84
BAJEL,1890.9
BAJFINANCE,529748.3
BALAJEE,424.17
BALAJITELE,543.44
BALAMINES,4163.69
BALAXI,295.36
BALCO,16.49
BALKRISHNA,62.99
BALKRISIND,50286.63
BALMLAWRIE,2572.24
BALPHARMA,141.7
BALRAMCHIN,8996
BALUFORGE,5198.49
BANARBEADS,79.5
BANARISUG,4075.4
BANCOINDIA,4529.99
BANDHANBNK,22827.46
BANG,70.38
BANKA,70.57
BANKBARODA,102082.69
BANKBEES,6711.11
BANKBETF,194.31
BANKETF,212.82
BANKETFADD,476.96
BANKIETF,2518.24
BANKINDIA,43409.69
BANKNIFTY1,4558.9
BANKPSU,34.62
BANSALWIRE,5302.55
BANSWRAS,426.19
BARBEQUE,1093.57
BARFLEX,115.83
BASF,18618.67
BASILIC,680.93
BASML,215.28
BATAINDIA,15731.77
BAWEJA,104.3
BAYERCROP,23600.51
BBETF0432,10549.88
BBL,2831.43
BBNPNBETF,4.32
BBNPPGOLD,82.69
BBOX,6313.25
BBTC,11617.37
BBTCL,335.52
BCLIND,1077.64
BCONCEPTS,393.3
BDL,35959.78
BEACON,123.56
BEARDSELL,118.78
BECTORFOOD,8073.85
BEDMUTHA,505.83
BEL,180734.28
BEML,10207.07
BEPL,2500.78
BERGEPAINT,57175.48
BESTAGRO,633.56
BETA,1578.36
BEWLTD,205.25
BFINVEST,1610.67
BFSI,214.15
BFUTILITIE,2305.82
BGRENERGY,564.16
BHAGCHEM,3658.39
BHAGERIA,677.58
BHAGYANGR,239.64
BHANDARI,120.02
BHARATFORG,48526
BHARATGEAR,115.16
BHARATRAS,4047.65
BHARATWIRE,973.62
BHARTIARTL,894708.57
BHARTIHEXA,63850
BHEL,62328.93
BIGBLOC,930.15
BIKAJI,15999.42
BIKEWO,24
BIL,608.03
BINANIIND,36.7
BIOCON,36366.17
BIOFILCHEM,72.42
BIRDYS,43.25
BIRET,18044.17
BIRLACABLE,417.03
BIRLACORPN,7531.12
BIRLAMONEY,818.37
BLACKBUCK,7499.46
BLAL,780.83
BLBLIMITED,81.47
BLISSGVS,1300.27
BLKASHYAP,1120.44
BLS,13966.25
BLSE,1396.92
BLUECHIP,37.94
BLUECOAST,64.37
BLUEDART,14165.58
BLUEJET,13235.41
BLUEPEBBLE,85.66
BLUESTARCO,39867.68
BMETRICS,64.22
BODALCHEM,676.32
BOMDYEING,2607.5
BOROLTD,3681.81
BORORENEW,6601.47
BOROSCI,1137.96
BOSCHLTD,78247.07
BOSS,18.76
BPCL,103256.43
BPL,381.86
BRACEPORT,100.24
BRIGADE,23093.4
BRITANNIA,110604.31
BRNL,302.22
BROOKS,263.78
BSE,63004.16
BSE500IETF,318.95
BSHSL,1412.46
BSL,178.31
BSLGOLDETF,1043.91
BSLNIFTY,2848.58
BSLSENETFG,307.28
BSOFT,11778.06
BTML,117.59
BULKCORP,47.34
BUTTERFLY,1054.71
BVCL,79.89
BYKE,334.27
C2C,627.29
CADSYS,74.92
CALSOFT,17.65
CAMLINFINE,2683.51
CAMPUS,7938.83
CAMS,15572.63
CANARYS,144.67
CANBK,73644.62
CANFINHOME,7709.62
CANTABIL,2039.93
CAPACITE,2563.5
CAPINVIT,2788.43
CAPITALSFB,1214.88
CAPLIPOINT,13872.13
CAPTRUST,129.32
CARBORUNIV,15992.61
CAREERP,572.53
CARERATING,3356.89
CARRARO,1837.16
CARTRADE,7344.53
CARYSIL,1471.93
CASTROLIND,21073.25
CBAZAAR,12.87
CCCL,603.45
CCHHL,222.31
CCL,7873.47
CDSL,23178.1
CEATLTD,10134.97
CEIGALL,4501.45
CELEBRITY,62.6
CELLECOR,1192.87
CELLO,12413.74
CELLPOINT,38.4
CENTENKA,1126.94
CENTEXT,142
CENTRALBK,38109.32
CENTRUM,1094.17
CENTUM,1566.96
CENTURYPLY,16489.68
CERA,6938.88
CEREBRAINT,59.13
CESC,17298.69
CEWATER,914.57
CGCL,13229.92
CGPOWER,87344.31
CGRAPHICS,369.75
CHALET,16477
CHAMBLFERT,21434.9
CHAMUNDA,46.22
CHANDAN,390.62
CHAVDA,345.18
CHEMBOND,711.48
CHEMCON,698.18
CHEMFAB,1114.35
CHEMPLASTS,6403.44
CHENNPETRO,6717.39
CHETANA,174.32
CHEVIOT,609.02
CHOICEIN,9321.92
CHOLAFIN,117412.75
CHOLAHLDNG,31077.17
CIEINDIA,14264.03
CIGNITITEC,3616.85
CINELINE,299.63
CINEVISTA,82.08
CIPLA,113469.9
CLEAN,12692.44
CLEDUCATE,409.42
CLSEL,1352.04
CLSL,81.84
CMMIPL,3.45
CMNL,301.68
CMRSL,24.01
CMSINFO,7435.05
COALINDIA,227096.54
COASTCORP,292.02
COCHINSHIP,33605.94
COFORGE,48790.61
COLPAL,67262.05
COMMOIETF,67.64
COMPINFO,19.04
COMPUSOFT,140.84
COMSYN,313.11
CONCOR,38099.18
CONCORDBIO,15702.89
CONFIPET,1759.22
CONS,5.34
CONSOFINVT,527.08
CONSUMBEES,144.32
CONSUMER,21.52
CONSUMIETF,53.96
CONTROLPR,938.86
COOLCAPS,980.35
CORALFINAC,146.42
CORDSCABLE,220.42
COROMANDEL,48298.86
COSMOFIRST,1564.48
COUNCODOS,43.45
CPS,90.97
CPSEETF,33195.6
CRAFTSMAN,10293.68
CRAYONS,140.47
CREATIVE,1016.18
CREATIVEYE,11.69
CREDITACC,14702.98
CREST,987.22
CRISIL,32030.85
CROMPTON,20652.1
CROWN,180.58
CSBBANK,4855.87
CSLFINANCE,580.73
CTE,124.64
CUB,10945.84
CUBEINVIT,16013.38
CUBEXTUB,135.01
CUMMINSIND,75814.2
CUPID,1003.65
CYBERMEDIA,24.75
CYBERTECH,479.41
CYIENT,14074.86
CYIENTDLM,3188.11
DABUR,87570.24
DALBHARAT,31932.97
DALMIASUG,2484.84
DAMCAPITAL,1526.46
DAMODARIND,69.9
DANGEE,53.24
DANISH,1419.77
DATAMATICS,3416.4
DATAPATTNS,8089.68
DAVANGERE,461.01
DBCORP,3617.02
DBEIL,684.27
DBL,6038.68
DBOL,414.72
DBREALTY,6623.13
DBSTOCKBRO,127.68
DCAL,3119.98
DCBBANK,3265.48
DCG,124.23
DCI,355.62
DCM,188.61
DCMFINSERV,10.78
DCMNVL,293.2
DCMSHRIRAM,15056.23
DCMSRIND,1348.38
DCW,2144.3
DCXINDIA,2590.29
DDEVPLSTIK,2348.92
DECCANCE,1091.81
DECCANTRAN,124.98
DEEDEV,1360.37
DEEM,51.69
DEEPAKFERT,12093.58
DEEPAKNTR,25300.91
DEEPINDS,2765.76
DELAPLEX,147.58
DELHIVERY,18543.05
DELPHIFX,171.22
DELTACORP,2458.14
DELTAMAGNT,69.12
DELTIC,135.16
DEN,1517.09
DENEERS,266.8
DENORA,392.76
DENTA,790.85
DENTALKART,972.37
DEVIT,263.38
DEVYANI,19903.4
DGCONTENT,296.46
DHAMPURSUG,778.11
DHANBANK,929.12
DHANI,3495.74
DHANLAXMI,101.23
DHANUKA,5742.98
DHARIWAL,94.88
DHARMAJ,615.11
DHRUV,166.53
DHTL,14.93
DHUNINV,951.16
DIACABS,4518.78
DIAMINESQ,370.81
DIAMONDYD,2580.36
DICIND,590.21
DIFFNKG,898.6
DIGIDRIVE,119.54
DIGIKORE,139.32
DIGISPICE,497.15
DIGJAMLMTD,66.24
DIL,39.22
DISHTV,1194.98
DIVGIITTS,1518.14
DIVISLAB,144972.39
DIVOPPBEES,57.5
DIVYADHAN,70.39
DIXON,84110.92
DJML,421.15
DKEGL,48.8
DLF,156687.44
DLINKINDIA,1299.48
DMART,221834.9
DMCC,733.48
DNAMEDIA,60.86
DODLA,6286.16
DOLATALGO,1341.12
DOLLAR,2194.35
DOLPHIN,913.9
DOMS,14504.25
DONEAR,535.6
DPABHUSHAN,3185.88
DPEL,207.16
DPSCLTD,1172.44
DPWIRES,362.85
DRCSYSTEMS,262.6
DREAMFOLKS,1418.58
DREDGECORP,1444.8
DRL,15.13
DRONE,320.25
DRREDDY,93098.93
DSSL,1331.45
DTIL,192.98
DTL,90.45
DUCOL,159.65
DUCON,185.53
DURLAX,72.75
DVL,1075.96
DWARKESH,710.63
DYCL,1381.07
DYNAMATECH,4666.98
DYNAMIC,270.25
DYNPRO,321.16
E2E,3870.71
EASEMYTRIP,4150.12
EBANKNIFTY,9.13
EBBETF0425,10027.26
EBBETF0430,18553.18
EBBETF0431,12456.39
EBBETF0433,6167.67
ECAPINSURE,10.68
ECLERX,13532.7
ECOSMOBLTY,1075.2
EDELWEISS,8446.26
EFACTOR,215.95
EFFWA,381.93
EFORCE,91.26
EGOLD,133.24
EICHERMOT,131674.42
EIDPARRY,11903.59
EIEL,3633.47
EIFFL,457.56
EIHAHOTELS,1925.89
EIHOTEL,20105.46
EIMCOELECO,830.65
EKC,1337.63
ELDEHSG,712.99
ELECON,9328.31
ELECTCAST,5740.46
ELECTHERM,983.68
ELGIEQUIP,13619.16
ELGIRUBCO,315.42
ELGNZ,254.25
ELIN,546.25
EMAIN,271.98
EMAMILTD,22911.89
EMAMIPAP,539.95
EMAMIREAL,378.36
EMBASSY,34522.29
EMBDL,20683.88
EMCURE,18492.34
EMIL,4847.83
EMKAY,498.46
EMKAYTOOLS,391.58
EMMBI,179.93
EMMIL,243.52
EMSLIMITED,3404.04
EMUDHRA,6774
EMULTIMQ,20.17
ENDURANCE,25120.98
ENERGYDEV,87.69
ENFUSE,212.25
ENGINERSIN,8406.47
ENIL,660.71
ENSER,187.4
ENTERO,5394.96
ENVIRO,191.28
EPACK,3589.19
EPIGRAL,6902.61
EPL,6383.02
EQUAL50ADD,254.9
EQUIPPP,231.24
EQUITASBNK,6561.49
ERIS,16360.7
ESABINDIA,7003.82
ESAFSFB,1502.05
ESCONET,248
ESCORTS,32108.92
ESFL,1181.72
ESG,112.8
ESILVER,129.73
ESPRIT,223.29
ESSARSHPNG,495.71
ESSENTIA,262.65
ESTER,1225.55
ETHOSLTD,6304.94
ETML,233.52
EUREKAFORB,9437.49
EUROBOND,369.46
EUROTEXIND,10.5
EVEREADY,2191.52
EVERESTIND,847.47
EVINDIA,148.43
EXCEL,108.62
EXCELINDUS,1096.1
EXCELLENT,24.09
EXICOM,1844.99
EXIDEIND,29575.75
EXPLEOSOL,1397.55
EXXARO,352.56
FACT,44330.9
FAIRCHEMOR,1117.19
FALCONTECH,17.22
FAZE3Q,783.07
FCL,2643.25
FCSSOFT,483.8
FDC,6137.94
FEDERALBNK,43789.41
FEDFINA,3473.53
FEL,26.39
FELDVR,16.62
FELIX,161.84
FIBERWEB,115.51
FIDEL,159.16
FIEMIND,3618.82
FILATEX,1753.23
FILATFASH,400.04
FINCABLES,12495.14
FINEORG,10681.48
FINIETF,101.11
FINOPB,1883.97
FINPIPE,10638.08
FIRSTCRY,19534.3
FIVESTAR,22171.92
FLAIR,2248.08
FLEXITUFF,107.43
FLFL,35.31
FLUOROCHEM,39436.15
FMCGIETF,532.56
FMGOETZE,1836.97
FMNL,115.65
FOCUS,520.54
FONEBOX,99.06
FOODSIN,637.97
FORCAS,141.34
FORCEMOT,8730.75
FORGEAUTO,82.77
FORTIS,45803.31
FOSECOIND,2252.5
FRESHARA,359.54
FROG,481.4
FSL,23990.42
FUSION,1615.67
GABRIEL,6630.6
GAEL,4817.42
GAIL,103886.57
GAJANAND,23.83
GALAPREC,1267.82
GALAXYSURF,7782.32
GALLANTT,7339.77
GANDHAR,1363.36
GANDHITUBE,711.5
GANECOS,3295.11
GANESHBE,770.29
GANESHHOUC,9089.19
GANESHIN,546.83
GANGAFORGE,71.71
GANGESSECU,128.15
GARFIBRES,7504.5
GARUDA,974.15
GATECH,48.32
GATECHDVR,10.05
GATEWAY,3003.36
GAYAHWS,20.37
GAYAPROJ,111.94
GEECEE,753.76
GEEKAYWIRE,391.95
GENCON,140.71
GENESYS,2638.89
GENSOL,2071.13
GENUSPAPER,439.17
GENUSPOWER,7817.03
GEOJITFSL,2006.19
GEPIL,1573.8
GESHIP,11589.84
GFLLIMITED,663.05
GGBL,885.4
GHCL,5512.6
GHCLTEXTIL,728.36
GICHSGFIN,888.38
GICL,256.67
GICRE,64737.36
GILLANDERS,220.66
GILLETTE,25674.87
GILT5YBEES,185.34
GINNIFILA,188.43
GIPCL,2389.77
GKWLIMITED,938.53
GLAND,25635.37
GLAXO,41843.29
GLENMARK,36237.19
GLOBAL,264.18
GLOBALE,22.42
GLOBALPET,128.48
GLOBALVECT,327.46
GLOBE,119.81
GLOBUSSPR,2513.28
GLOSTERLTD,613.97
GMBREW,1391.38
GMDCLTD,7686.06
GMMPFAUDLR,5035.21
GMRAIRPORT,73226.5
GNA,1287.92
GNFC,6847.44
GOACARBON,385.72
GOCLCORP,1427.69
GOCOLORS,3807.63
GODAVARIB,823.93
GODFRYPHLP,26995.24
GODHA,75.84
GODIGIT,27335.23
GODREJAGRO,13805.33
GODREJCP,103221.5
GODREJIND,37042.73
GODREJPROP,58188.65
GOENKA,31.07
GOKEX,5824.52
GOKUL,494.98
GOKULAGRO,3853.09
GOLD1,6352.74
GOLDBEES,18663.68
GOLDCASE,190.37
GOLDENTOBC,66.23
GOLDETF,578.74
GOLDETFADD,741.22
GOLDIAM,3908.7
GOLDIETF,7078.29
GOLDSHARE,1696.36
GOLDSTAR,238.3
GOLDTECH,223.05
GOODLUCK,2101.81
GOPAL,3464.5
GOYALALUM,119.9
GOYALSALT,281.03
GPECO,325.27
GPIL,10480.83
GPPL,6134.85
GPTHEALTH,1074.92
GPTINFRA,1173.3
GRANULES,11140.16
GRAPHISAD,96.87
GRAPHITE,7561.04
GRASIM,158191.02
GRAVITA,11742.92
GREAVESCOT,5335.45
GREENCHEF,149.64
GREENLAM,5702.55
GREENPANEL,3323.2
GREENPLY,3396.55
GREENPOWER,1407.63
GRINDWELL,15943.68
GRINFRA,9712.73
GRMOVER,1315.2
GROBTEA,98.1
GROWWDEFNC,73.09
GROWWEV,214.77
GROWWGOLD,72.44
GROWWLIQID,57.44
GROWWN200,7.03
GROWWRAIL,23.84
GRPLTD,1317.33
GRSE,14399.19
GRWRHITECH,8823.66
GSEC10ABSL,92.86
GSEC10IETF,523.06
GSEC10YEAR,88.47
GSEC5IETF,56.29
GSFC,6624.69
GSLSU,475.52
GSMFOILS,158.8
GSPL,15459.39
GSS,119.01
GSTL,36.34
GTECJAINX,30.84
GTL,134.17
GTLINFRA,1921.37
GTPL,1208.98
GUFICBIO,3339.24
GUJALKALI,3888.56
GUJAPOLLO,307.98
GUJGASLTD,25652.86
GUJRAFFIA,22.2
GUJTHEM,2440.82
GULFOILLUB,5398.84
GULFPETRO,199.76
GULPOLY,979.22
GVKPIL,615.89
GVPTECH,153.9
HAL,206985.86
HAPPSTMNDS,10400.37
HAPPYFORGE,8154.78
HARDWYN,627.64
HARIOMPIPE,1081.69
HARRMALAYA,330.54
HARSHA,3596.24
HATHWAY,2338.31
HATSUN,21524.17
HAVELLS,89307.85
HAVISHA,30.86
HBLENGINE,11947.1
HBSL,56.39
HCC,4302.84
HCG,6900.44
HCL-INSYS,410.2
HCLTECH,427863.58
HDFCAMC,77586.37
HDFCBANK,1323684.49
HDFCBSE500,14.59
HDFCGOLD,7741.84
HDFCGROWTH,12.33
HDFCLIFE,131213.33
HDFCLIQUID,35.28
HDFCLOWVOL,34.91
HDFCMID150,102.6
HDFCMOMENT,101.88
HDFCNEXT50,111.42
HDFCNIF100,54.99
HDFCNIFBAN,4825.05
HDFCNIFIT,122.46
HDFCNIFTY,3650.92
HDFCPSUBK,23.03
HDFCPVTBAN,644.03
HDFCQUAL,15.92
HDFCSENSEX,898.5
HDFCSILVER,507.06
HDFCSML250,808.95
HDFCVALUE,36.05
HEADSUP,26.94
HEALTHADD,9.06
HEALTHIETF,120.52
HEALTHY,38.3
HECPROJECT,96.72
HEG,6883.51
HEIDELBERG,4356.64
HEMIPROP,3542.55
HERANBA,944.92
HERCULES,508.8
HERITGFOOD,3377.31
HEROMOTOCO,74084.01
HESTERBIO,1301.55
HEUBACHIND,1292.81
HEXATRADEX,1226.16
HEXT,48688.5
HFCL,11443.28
HGINFRA,6322.25
HGS,2446.73
HIGREEN,539.78
HIKAL,4352.52
HIL,1321.92
HILTON,187.43
HIMATSEIDE,1421.77
HINDALCO,142474.16
HINDCOMPOS,644.67
HINDCON,182.7
HINDCOPPER,19531.95
HINDMOTORS,475.53
HINDOILEXP,2394.53
HINDPETRO,62792.04
HINDUNILVR,515970.24
HINDWAREAP,1698.02
HINDZINC,165442.37
HIRECT,1458.83
HISARMETAL,89.64
HITECH,2112.32
HITECHCORP,295.42
HITECHGEAR,1178.33
HLEGLAS,1606.32
HLVLTD,876.82
HMAAGRO,1627.5
HMT,5906.07
HMVL,606.24
HNDFDS,5901.1
HNGSNGBEES,997.72
HOACFOODS,44.58
HOLMARC,149.64
HOMEFIRST,9191.48
HOMESFY,134.43
HONASA,7014.57
HONAUT,29694.74
HONDAPOWER,1965.73
HOVS,59.39
HPAL,435.39
HPIL,142.23
HPL,2308.39
HPTL,136.42
HSCL,20144.66
HTMEDIA,420.11
HUBTOWN,2649.1
HUDCO,33231.54
HUHTAMAKI,1321.63
HVAX,167.45
HYBRIDFIN,35.12
HYUNDAI,137156.94
IBLFL,126.13
ICDSLTD,56.67
ICEMAKE,1025.68
ICICIB22,16269.56
ICICIBANK,848391.21
ICICIGI,83971.72
ICICIPRULI,79490.58
ICIL,5248.44
ICRA,5124.8
IDBI,74406.62
IDEA,54044.53
IDEAFORGE,1559.39
IDENTICAL,72.44
IDFCFIRSTB,42865.72
IDFNIFTYET,3.44
IEL,375.85
IEML,184.56
IEX,13954.99
IFBAGRO,449.81
IFBIND,4355.77
IFCI,10775.84
IFGLEXPOR,1210.92
IGARASHI,1652.75
IGIL,17675.33
IGL,26586.03
IGPL,1332.65
IIFL,12777.95
IIFLCAPS,6692.38
IITL,633.59
IKIO,1704.04
IKS,30883.17
IMAGICAA,3350.51
IMFA,3361.34
IMPAL,1123.2
IMPEXFERRO,20.75
INCREDIBLE,143.61
INDBANK,133.53
INDGN,12336.24
INDHOTEL,101846.58
INDIACEM,7893.08
INDIAGLYCO,3276.5
INDIAMART,11844.04
INDIANB,68695.16
INDIANCARD,143.54
INDIANHUME,1696.35
INDIASHLTR,7885.7
INDIFRA,11.37
INDIGO,173117.67
INDIGOPNTS,4925.43
INDIGRID,11697.17
INDNIPPON,1284.9
INDOAMIN,821.33
INDOBORAX,487.77
INDOCO,1872.63
INDOFARM,927.16
INDORAMA,900.58
INDOSTAR,3237.59
INDOTECH,2140.51
INDOTHAI,2011.35
INDOUS,385
INDOWIND,212.52
INDRAMEDCO,3344.23
INDSWFTLAB,509.62
INDSWFTLTD,75.56
INDTERRAIN,160.61
INDUSINDBK,75747.37
INDUSINVIT,5065.45
INDUSTOWER,85370.95
INFIBEAM,5056.72
INFINIUM,350.85
INFOBEAN,765.06
INFOLLION,351.03
INFOMEDIA,30.12
INFRABEES,157.39
INFRAIETF,112.75
INFY,703057.83
INGERRAND,10038.62
INM,218.19
INNOMET,185.37
INNOVACAP,4148.81
INNOVANA,728.78
INOXGREEN,4354.65
INOXINDIA,8758.68
INOXWIND,19672.95
INSECTICID,1679.82
INSPIRE,29.94
INSPIRISYS,309.21
INTELLECT,9153.09
INTENTECH,221.66
INTERARCH,2442.4
INTLCONV,420.84
INVENTURE,157.5
IOB,82565.74
IOC,160869.15
IOLCP,1790.52
IONEXCHANG,7362.66
IPCALAB,34224.7
IPHL,132.44
IPL,1474.09
IPSL,236.37
IRB,26209.26
IRBINVIT,3167.21
IRCON,13336.51
IRCTC,53944
IREDA,42090.4
IRFC,146759.32
IRIS,749.8
IRISDOREME,393.99
IRMENERGY,1071.66
ISEC,26108.76
ISFT,167.36
ISGEC,6838.24
ISHAN,29.19
IT,162.28
ITALIANE,48.76
ITBEES,2000.75
ITC,495369.06
ITCHOTELS,34237.34
ITDC,4213.42
ITDCEM,9164.87
ITETF,143.47
ITETFADD,36.33
ITI,23661.84
ITIETF,422.3
IVC,296.45
IVP,152.83
IVZINGOLD,234.21
IVZINNIFTY,83.06
IWEL,9687.39
IXIGO,5231.38
IZMO,360
JAGRAN,1465.9
JAGSNPHARM,1372.62
JAIBALAJI,12178.63
JAICORPLTD,1670.63
JAIPURKURT,63.87
JALAN,20.21
JAMNAAUTO,2860.69
JASH,3349.92
JAYAGROGN,743.1
JAYBARMARU,713.37
JAYBEE,535.98
JAYNECOIND,3058.64
JAYSREETEA,269.14
JBCHEPHARM,25733.4
JBMA,12266.96
JCHAC,4418.52
JETFREIGHT,58.7
JEYYAM,177.16
JGCHEM,1187.34
JHS,113.85
JINDALPHOT,571.39
JINDALPOLY,2822.03
JINDALSAW,15760.68
JINDALSTEL,86789.1
JINDRILL,2315.59
JINDWORLD,8291.52
JIOFIN,132329.59
JISLDVREQS,53.62
JISLJALEQS,3694.69
JITFINFRA,992.42
JIWANRAM,21.04
JKCEMENT,34260.74
JKIL,5054.46
JKLAKSHMI,7772.11
JKPAPER,4844.91
JKTYRE,7261.53
JLHL,9507.07
JMA,179.39
JMFINANCIL,8769.15
JNKINDIA,1606.68
JOCIL,131.45
JPASSOCIAT,959.75
JPOLYINVST,629.66
JPPOWER,9211.05
JSFB,4306.93
JSL,48190.52
JSLL,3952.76
JSWENERGY,80869.25
JSWHL,18163.04
JSWINFRA,53508.04
JSWSTEEL,233296.31
JTEKTINDIA,2924.23
JTLIND,3179.24
JUBLCPL,1868.32
JUBLFOOD,41138.05
JUBLINGREA,9795.79
JUBLPHARMA,14494.58
JUNIORBEES,5096.85
JUNIPER,5694.95
JUSTDIAL,7085.98
JWL,12306.2
JYOTHYLAB,11853.68
JYOTICNC,18330.3
JYOTISTRUC,2059.78
K2INFRA,135.52
KABRAEXTRU,1170.54
KAJARIACER,13617.78
KAKATCEM,113.58
KALAMANDIR,2085.78
KALANA,50.46
KALYANIFRG,186.67
KALYANKJIL,48327.9
KAMATHOTEL,781.52
KAMDHENU,825.21
KAMOPAINTS,344.85
KANANIIND,45.91
KANDARP,58.41
KANORICHEM,358.29
KANPRPLA,246.03
KANSAINER,18270.07
KAPSTON,439.44
KARMAENG,54.97
KARNIKA,731.57
KARURVYSYA,16057.43
KATARIA,238.89
KAUSHALYA,29.57
KAVVERITEL,91.65
KAYA,332.09
KAYNES,26663.69
KBCGLOBAL,292.81
KCEIL,246.6
KCK,309.1
KCP,2236.52
KCPSUGIND,383.81
KDDL,3523.74
KDL,470.08
KEC,18208.08
KECL,784.35
KEEPLEARN,59.79
KEI,29669.08
KEL,124.29
KELLTONTEC,1061.09
KEN,127.25
KERNEX,1491.25
KESORAMIND,6029.98
KEYFINSERV,134.39
KFINTECH,14924.26
KHADIM,515.51
KHAICHEM,500.95
KHAITANLTD,37.53
KHANDSE,33.73
KHFM,157.53
KICL,1584.61
KILITCH,495.34
KIMS,20567.14
KINGFA,3555.63
KIOCL,13978.28
KIRIINDUS,2920.52
KIRLOSBROS,12671.28
KIRLOSENG,8380.19
KIRLOSIND,3343.63
KIRLPNU,6546.43
KITEX,3214.34
KKCL,2894.23
KKJEWELS,124.67
KLL,148.43
KMEW,1674.16
KMSUGAR,256.5
KNAGRI,523.35
KNRCON,6230.75
KODYTECH,1181.7
KOHINOOR,116.78
KOKUYOCMLN,1033.13
KOLTEPATIL,1900.49
KONSTELEC,117.63
KONTOR,52.53
KOPRAN,816.06
KORE,286.01
KOTAKBANK,377447.96
KOTARISUG,286.71
KOTHARIPET,853.27
KOTHARIPRO,410.05
KOTYARK,565.09
KPEL,2490.87
KPIGREEN,7501.53
KPIL,14857.21
KPITTECH,32831.46
KPRMILL,27661.3
KRBL,5779.47
KREBSBIO,172.38
KRIDHANINF,35.16
KRISHANA,1217.11
KRISHCA,289.48
KRISHNADEF,787.31
KRITI,574.9
KRITIKA,215.15
KRITINUT,450.93
KRN,5399.23
KRONOX,553.59
KROSS,1083.76
KRSNAA,2292.73
KRYSTAL,616.16
KSB,10598.99
KSCL,5185.06
KSHITIJPOL,32.04
KSL,3230.33
KSOLVES,960.81
KTKBANK,6328.44
KTL,20.8
KUANTUM,890.09
LAGNAM,185.47
LAKSHYA,178.89
LAL,192.95
LALPATHLAB,19353.99
LAMBODHARA,113.43
LAMOSAIC,56.96
LANCORHOL,179.28
LANDMARK,1861.69
LAOPALA,2281.05
LASA,104.26
LATENTVIEW,7809.78
LATTEYS,102.98
LAURUSLABS,28343.11
LAWSIKHO,284.86
LAXMICOT,38.79
LAXMIDENTL,1868.71
LCCINFOTEC,79.37
LEMERITE,700.91
LEMONTREE,9657.48
LEXUS,77.73
LFIC,51.9
LGBBROSLTD,3831.87
LGHL,1275.17
LIBAS,32.96
LIBERTSHOE,521.42
LICHSGFIN,27338.13
LICI,468366.08
LICMFGOLD,188.81
LICNETFGSC,2380.8
LICNETFN50,765.81
LICNETFSEN,727.77
LICNFNHGP,682.13
LICNMID100,592.35
LIKHITHA,994.14
LINC,644.86
LINCOLN,1061.58
LINDEINDIA,51341.1
LIQUID,555.62
LIQUID1,1013.33
LIQUIDADD,2457.53
LIQUIDBEES,12080.86
LIQUIDBETF,452.05
LIQUIDCASE,3829.66
LIQUIDETF,648.85
LIQUIDIETF,2258.05
LIQUIDPLUS,195.26
LIQUIDSBI,121.58
LIQUIDSHRI,24.7
LLOYDS,165.66
LLOYDSENGG,6443.2
LLOYDSENT,5902.67
LLOYDSME,53893.92
LMW,14583.36
LODHA,112201.57
LOKESHMACH,291.6
LORDSCHLO,339.33
LOTUSEYE,124.49
LOVABLE,133.27
LOWVOL,38.86
LOWVOL1,150.61
LOWVOLIETF,3328.17
LOYALTEX,111.21
LPDC,103.29
LRRPL,53.05
LT,435930.48
LTF,33690.7
LTFOODS,11823.96
LTGILTBEES,2360.34
LTIM,138178.69
LTTS,47774.11
LUMAXIND,2221.02
LUMAXTECH,3428.33
LUPIN,87133.09
LUXIND,3909.32
LXCHEM,4903.32
LYKALABS,372.6
LYPSAGEMS,17.48
MAANALU,485.95
MACOBSTECH,158.68
MACPOWER,765.32
MADHAV,35.43
MADHAVBAUG,101.98
MADHUCON,50.62
MADHUSUDAN,211.53
MADRASFERT,1159.77
MAFANG,3115.28
MAGADSUGAR,643.99
MAGNUM,192.59
MAGSON,80.86
MAHABANK,35765.73
MAHAPEXLTD,150.7
MAHASTEEL,392.78
MAHEPC,322.78
MAHESHWARI,176.1
MAHICKRA,85.28
MAHKTECH,489.9
MAHLIFE,4886.82
MAHLOG,1797.52
MAHSCOOTER,10548.57
MAHSEAMLES,8232.91
MAITHANALL,2545.22
MAITREYA,180.17
MAKEINDIA,188.04
MAKS,20.6
MAL,83.69
MALLCOM,742.56
MALUPAPER,54.61
MAMATA,891.05
MANAKALUCO,127.46
MANAKCOAT,579.3
MANAKSIA,429.25
MANAKSTEEL,316.2
MANALIPETC,1054.36
MANAPPURAM,16939.7
MANAV,17.09
MANBA,655.52
MANCREDIT,314
MANDEEP,25.33
MANGALAM,144.35
MANGCHEFER,1552.55
MANGLMCEM,1971.56
MANINDS,1372.39
MANINFRA,5554.29
MANKIND,93477.92
MANOMAY,280.77
MANORAMA,5500.69
MANORG,344.25
MANUGRAPH,46.26
MANYAVAR,20406.69
MAPMYINDIA,8919.99
MARALOVER,264.2
MARATHON,2018.37
MARCO,72.93
MARICO,77717.81
MARINE,2037.58
MARKSANS,9316.14
MARSHALL,44.27
MARUTI,375711.08
MASFIN,4229.68
MASKINVEST,48.19
MASON,142.78
MASPTOP50,935.86
MASTEK,6889.42
MASTER,106
MASTERTR,1392.1
MATRIMONY,1143.08
MAWANASUG,309.02
MAXESTATES,6669.19
MAXHEALTH,94215.15
MAXIND,833.2
MAXPOSURE,137.36
MAXVOLT,188.75
MAYURUNIQ,2034.67
MAZDA,447.56
MAZDOCK,86738.8
MBAPL,2520.15
MBLINFRA,444.89
MCL,116.44
MCLEODRUSS,323.71
MCLOUD,3255.08
MCON,101.79
MCX,25404.84
MDL,159.57
MEDANTA,30726.4
MEDIASSIST,3218.52
MEDICAMEQ,644.82
MEDICO,450.19
MEDIORG,37.09
MEDPLUS,8597.01
MEGAFLEX,60.12
MEGASOFT,419.46
MEGASTAR,236.6
MEGATHERM,506.72
MENONBE,539.89
MEP,47.15
METAL,31.85
METALIETF,129.11
METROBRAND,30378.02
METROPOLIS,8143.96
MFML,31.86
MFSL,34545.99
MGEL,466.32
MGL,12195.1
MHHL,109.78
MHLXMIRU,228.34
MHRIL,5924.15
MICEL,1361.72
MICROPRO,39.82
MID150BEES,1762.36
MID150CASE,51.12
MIDCAP,49.03
MIDCAPETF,884.37
MIDCAPIETF,383.73
MIDHANI,4553.3
MIDQ50ADD,83.91
MIDSELIETF,71.01
MIDSMALL,275.43
MIEL,48.65
MILTON,56.85
MINDACORP,11553.51
MINDSPACE,21645.16
MINDTECK,576.61
MIRCELECTR,323.1
MIRZAINT,413.22
MITCON,104.18
MITCONPP,12.72
MITTAL,92.78
MKPL,256.38
MMFL,1660.89
MMP,622.36
MMTC,7423.5
MNC,29.04
MOBIKWIK,2136.37
MODEFENCE,124.61
MODIRUBBER,237.91
MODISONLTD,408.87
MODTHREAD,144.56
MOGSEC,103.51
MOHEALTH,25.53
MOHITIND,38.06
MOIL,5901.07
MOKSH,107.2
MOL,1576.75
MOLDTECH,355.34
MOLDTKPAC,1572.68
MOLOWVOL,78.65
MOM100,495.02
MOM30IETF,406.74
MOM50,46.69
MOMENTUM,41.72
MOMENTUM50,106.82
MOMOMENTUM,109.32
MON100,9289.88
MONARCH,2409.38
MONIFTY500,105.54
MONQ50,66.13
MONTECARLO,1169.29
MOQUALITY,16.55
MORARJEE,23.29
MOREALTY,61.6
MOREPENLAB,2561.68
MOS,671.39
MOSCHIP,2971.27
MOSMALL250,69.19
MOTHERSON,83717.84
MOTILALOFS,35060.24
MOTISONS,1756.28
MOTOGENFIN,97.01
MOVALUE,126.25
MPHASIS,42747.84
MPSLTD,4002.76
MPTODAY,15.1
MRF,44744.06
MRO-TEK,119.21
MRPL,18495.17
MSCIINDIA,6.21
MSPL,1152.91
MSTCLTD,3066.62
MSUMI,20845.52
MTARTECH,3964.91
MTNL,2657.97
MUFIN,1282.15
MUFTI,802.56
MUKANDLTD,1321.99
MUKKA,1045.5
MUKTAARTS,162.03
MULTICAP,40.46
MUNJALAU,680
MUNJALSHOW,445.94
MURUDCERA,211.91
MUTHOOTCAP,447.04
MUTHOOTFIN,85487.72
MUTHOOTMF,2275.73
MVGJL,950.08
MVKAGRO,62.35
MWL,347.91
MYMUDRA,72.39
NACLIND,1170.71
NAGAFERT,379.17
NAGREEKCAP,35.32
NAGREEKEXP,84.56
NAHARCAP,383.07
NAHARINDUS,414.77
NAHARPOLY,458.79
NAHARSPING,699.09
NAM-INDIA,32551.43
NAMAN,102.57
NAMOEWASTE,351.02
NARMADA,64.49
NATCAPSUQ,220.89
NATCOPHARM,13845.19
NATHBIOGEN,286.77
NATIONALUM,32636.95
NAUKRI,90834.58
NAVA,11448.44
NAVINFLUOR,18712.77
NAVKARCORP,1393.96
NAVKARURB,359.07
NAVNETEDUL,3104.32
NAZARA,7763.52
NBCC,19696.5
NBIFIN,558.68
NCC,11012.43
NCLIND,850.38
NDGL,331.64
NDL,454.06
NDLVENTURE,304.59
NDRAUTO,1444.84
NDTV,762.05
NECCLTD,197.86
NECLIFE,593.17
NEELAM,75.21
NELCAST,826.6
NELCO,1714.92
NEOGEN,4358.52
NEPHROCARE,214.9
NESCO,6151.15
NESTLEIND,211757.84
NETF,631.24
NETWEB,8163.82
NETWORK18,6377.71
NEULANDLAB,13702.32
NEWGEN,13316.31
NEWJAISA,227.37
NEXT30ADD,8.71
NEXT50,485.84
NEXT50IETF,1171.59
NEXTMEDIA,43.01
NFL,3831.42
NGIL,47.94
NGLFINE,655.49
NH,29439.2
NHIT,17071.73
NHPC,73469.38
NIACL,23401.6
NIBE,1408.14
NIBL,57.04
NIDAN,28.56
NIF100BEES,267.15
NIF100IETF,102.11
NIF10GETF,23.05
NIF5GETF,24.44
NIFITETF,5.36
NIFMID150,8.95
NIFTY1,2610.38
NIFTY50ADD,327.16
NIFTYBEES,38503.45
NIFTYBETF,183.17
NIFTYETF,3945.81
NIFTYIETF,23028.47
NIFTYQLITY,26.62
NIITLTD,1519.93
NIITMTS,5598.6
NILAINFRA,363.56
NILASPACES,433.28
NILKAMAL,2354.77
NINSYS,863.97
NIPPOBATRY,327
NIRAJ,220.69
NIRMAN,205.45
NITCO,728.72
NITINSPIN,1728.77
NITIRAJ,281.39
NIVABUPA,13381.14
NKIND,35.83
NLCINDIA,28426.05
NMDC,55080.74
NMSTEEL,61.37
NOCIL,2932.66
NOIDATOLL,75.6
NORBTEAEXP,54.31
NORTHARC,2745.06
NOVAAGRI,464.91
NPBET,10.93
NPST,3284.65
NRAIL,451.01
NRBBEARING,2018.41
NRL,459.13
NSIL,2467.93
NSLNISP,10418.3
NTPC,301275.42
NTPCGREEN,73730.38
NUCLEUS,2253.97
NURECA,248
NUVAMA,19404.7
NUVOCO,11164.7
NV20,107.87
NV20BEES,213.32
NV20IETF,177.82
NXST,19891.95
NYKAA,45875.06
OAL,933.89
OBCL,115.32
OBEROIRLTY,53451.35
OBSCP,386.35
OCCL,166.34
OCCLLTD,336.27
ODIGMA,119.38
OFSS,67385.25
OIL,55792.65
OILCOUNTUB,301.61
OILIETF,152.34
OLAELEC,25141.73
OLECTRA,8847.48
OLIL,51.17
OMAXAUTO,185.29
OMAXE,1426.81
OMFURN,113.74
OMINFRAL,1011.19
ONDOOR,105.66
ONELIFECAP,13.23
ONEPOINT,1276.96
ONESOURCE,14619.2
ONGC,283874
ONMOBILE,521.51
ONWARDTEC,637.79
ONYX,102.54
OPTIEMUS,3812.06
ORBTEXP,386.42
ORCHASP,98.74
ORCHPHARMA,4919.75
ORIANA,2503.32
ORICONENT,605.42
ORIENTALTL,68.44
ORIENTBELL,395.55
ORIENTCEM,6716.32
ORIENTCER,406.77
ORIENTELEC,4256.65
ORIENTHOT,2387.87
ORIENTLTD,84.5
ORIENTPPR,488.03
ORIENTTECH,1340.66
ORISSAMINE,3058.2
ORTEL,5.9
ORTINGLOBE,9.69
OSELDEVICE,350
OSIAHYPER,328.28
OSWALAGRO,826.89
OSWALGREEN,888.05
OSWALSEEDS,118.55
OWAIS,1090.94
PAGEIND,45259.07
PAISALO,3349.99
PAKKA,875.14
PALASHSECU,117.04
PALREDTEC,66.53
PANACEABIO,1819.15
PANACHE,387.1
PANAMAPET,2129.37
PANSARI,259.96
PAR,128.76
PARACABLES,1638.03
PARADEEP,7080.1
PARAGMILK,1737.52
PARAGON,142.54
PARAMATRIX,96.67
PARAMOUNT,41.2
PARAS,3513.61
PARASPETRO,70.52
PARIN,420.26
PARKHOTELS,3098.19
PARSVNATH,980.9
PARTYCRUS,119.93
PASHUPATI,945.54
PASUPTAC,358.85
PATANJALI,64435.08
PATELENG,3677.26
PATINTLOG,110.29
PATTECH,61.09
PAVNAIND,426.33
PAYTM,45529.46
PCBL,13513.16
PCCL,444.6
PCJEWELLER,6102.99
PDMJEPAPER,951.87
PDSL,6171.39
PEARLPOLY,43.03
PEL,19710.13
PELATRO,326.25
PENIND,2118.66
PENINLAND,761.4
PENTAGON,47.11
PERFECT,19.42
PERSISTENT,82055.03
PETRONET,42480
PFC,120453.71
PFIZER,18674.22
PFOCUS,2876.58
PFS,2036.04
PGEL,22074.23
PGHH,43886.92
PGHL,8307.99
PGIL,6017.86
PGINVIT,7275.44
PHANTOMFX,295.96
PHARMABEES,810.13
PHOENIXLTD,54951.28
PHOGLOBAL,42.56
PIDILITIND,135496.08
PIGL,294.15
PIIND,45667.15
PILANIINVS,4096.73
PILITA,297.51
PIONEEREMB,138.48
PITTIENG,3394.47
PIXTRANS,1941.59
PKTEA,210.52
PLADAINFO,18.86
PLASTIBLEN,492.5
PLATIND,1401.13
PLAZACABLE,249.82
PNB,100425.34
PNBGILTS,1437.38
PNBHOUSING,19986.27
PNC,43.39
PNCINFRA,6644.36
PNGJL,7328.25
POCL,1626.14
PODDARMENT,307.69
POKARNA,3438.03
POLICYBZR,67373.04
POLYCAB,70985.27
POLYMED,20974.42
POLYPLEX,3401.37
POLYSIL,17.98
PONNIERODE,254.47
POONAWALLA,21819.27
POSITRON,242.45
POWERGRID,234189.2
POWERINDIA,47721.77
POWERMECH,5716.23
PPAP,237.89
PPL,956.73
PPLPHARMA,25321.79
PPSL,90.83
PRAENG,153.86
PRAJIND,9008.68
PRAKASH,2560.69
PRAKASHSTL,119
PRAMARA,159.14
PRANIK,77.07
PRATHAM,329.27
PRAXIS,193.36
PRECAM,1585.31
PRECISION,67.61
PRECOT,514.8
PRECWIRE,2438.68
PREMEXPLN,1798.85
PREMIER,10.57
PREMIERENE,39307.52
PREMIERPOL,675.59
PRESSTONIC,67.25
PRESTIGE,48457.15
PRICOLLTD,4874.04
PRIMESECU,684.22
PRINCEPIPE,3117.82
PRITI,127.66
PRITIKA,207.89
PRITIKAUTO,314.71
PRIVISCL,5835.97
PRIZOR,138.4
PRLIND,221.77
PROLIFE,88.02
PROPEQUITY,225.37
PROTEAN,5344.07
PROV,448.05
PROZONER,474.75
PRSMJOHNSN,5733.23
PRUDENT,6832.1
PRUDMOULI,147.07
PSB,27321.26
PSFL,103.23
PSPPROJECT,2461.76
PSUBANK,1254.62
PSUBANKADD,51.43
PSUBNKBEES,2327.05
PSUBNKIETF,65.42
PTC,4143.82
PTCIL,14984.13
PTL,492.57
PULZ,105.33
PUNJABCHEM,906.79
PURPLEUTED,129.73
PURVA,5741.39
PURVFLEXI,249.69
PVP,628.87
PVRINOX,8837.51
PVSL,792.08
PVTBANIETF,2775
PVTBANKADD,293.89
PYRAMID,615.41
QGOLDHALF,274.66
QMSMEDI,169.75
QNIFTY,59.27
QPOWER,2900.67
QUADFUTURE,1758
QUADPRO,16.93
QUAL30IETF,112.17
QUESS,8893.92
QUESTLAB,224.91
QUICKHEAL,1580.78
QUICKTOUCH,56.24
QVCEL,31.3
RACE,469.4
RACLGEAR,781.67
RADAAN,21.07
RADHIKAJWE,1043.12
RADIANTCMS,650.92
RADICO,27418.88
RADIOCITY,333.59
RADIOCITY,333.59
RADIOWALLA,60.61
RAILTEL,9034.42
RAIN,4074.16
RAINBOW,12632.52
RAJESHEXPO,4720.32
RAJINDLTD,189.94
RAJMET,154.28
RAJPUTANA,167.89
RAJRATAN,1731.29
RAJRILTD,1320.7
RAJSREESUG,140.4
RAJTV,414.79
RALLIS,4083.85
RAMANEWS,458.35
RAMAPHO,311.4
RAMASTEEL,1566.66
RAMCOCEM,19681.97
RAMCOIND,1987.93
RAMCOSYS,1086.43
RAMKY,2975.51
RAMRAT,2134.72
RANASUG,209.31
RANEENGINE,195.33
RANEHOLDIN,1706.2
RAPPID,134.89
RATEGAIN,5781.33
RATNAMANI,17431.88
RATNAVEER,707.94
RAYMOND,8614.64
RAYMONDLSL,6701.6
RBA,3175.62
RBL,517.67
RBLBANK,9620.57
RBMINFRA,327.89
RBS,243.38
RBZJEWEL,618.4
RCDL,49.15
RCF,6454.75
READYMIX,72.27
RECLTD,95322.71
REDINGTON,17605.56
REDTAPE,8010.18
REFEX,5113.03
REGENCERAM,118.06
RELAXO,10754.15
RELCHEMQ,124.47
RELIABLE,77.39
RELIANCE,1621178.27
RELIGARE,7587.4
RELINFRA,8388.08
RELTD,1988.03
REMSONSIND,404.98
REMUS,1281.57
RENUKA,5857.6
REPCOHOME,2092.05
REPL,378.85
REPRO,632.38
RESPONIND,5225.53
RETAIL,21.76
REXPRO,101.98
RGL,1372.55
RHFL,148.43
RHIM,8095.89
RHL,359.84
RICHA,13.97
RICOAUTO,864.47
RIIL,1186.86
RILINFRA,50.23
RISHABH,802.27
RITCO,742.06
RITES,9823.54
RITEZONE,11.7
RKDL,54.48
RKEC,159.68
RKFORGE,11791.43
RKSWAMY,1061.54
RMDRIP,1010.94
RML,983.56
ROCKINGDCE,257.48
ROHLTD,961.25
ROLEXRINGS,3935.21
ROLLT,38.77
ROML,69.11
ROSSARI,3388.26
ROSSELLIND,216.75
ROSSTECH,1021.57
ROTO,1232.75
ROUTE,6194.87
ROXHITECH,140.1
ROYALARC,128.76
RPEL,2272.31
RPGLIFE,3463.27
RPOWER,13416.68
RPPINFRA,444.08
RPPL,177.49
RPSGVENT,2597.28
RPTECH,1717.02
RRKABEL,10063.09
RSSOFTWARE,182.19
RSWM,623.58
RSYSTEMS,3787.31
RTNINDIA,5694.95
RTNPOWER,4833.1
RUBFILA,374.07
RUBYMILLS,614.46
RUCHINFRA,188.82
RUCHIRA,342.47
RULKA,70.6
RUPA,1516.53
RUSHIL,697.26
RUSTOMJEE,6591.18
RVHL,330.48
RVNL,69316.49
RVTH,318.33
SAAKSHI,269.61
SABAR,13.11
SABEVENTS,4.65
SABTNL,1149.4
SADBHAV,217.89
SADBHIN,168.36
SADHAV,152.86
SADHNANIQ,831.43
SAFARI,10388.88
SAGARDEEP,54.57
SAGCEM,2360.58
SAGILITY,19989.27
SAH,181.86
SAHAJ,13.69
SAHAJSOLAR,490.03
SAHANA,1131.15
SAHASRA,812.26
SAHYADRI,253.95
SAIFL,73.9
SAIL,43370.52
SAILIFE,14392.88
SAJHOTELS,110.3
SAKAR,526.8
SAKHTISUG,250.53
SAKSOFT,2203.66
SAKUMA,420.15
SALASAR,1566.18
SALONA,126.3
SALSTEEL,155.06
SALZERELEC,1610.9
SAMBHAAV,133.2
SAMHI,3180.86
SAMMAANCAP,9141.8
SAMPANN,118.05
SANATHAN,2532.12
SANCO,3.9
SANDESH,855.34
SANDHAR,2080.49
SANDUMA,6312.07
SANGAMIND,1593.82
SANGHIIND,1343.3
SANGHVIMOV,1826.75
SANGINITA,26.7
SANOFI,11676.53
SANOFICONR,10479.28
SANSERA,6972.4
SANSTAR,1713.1
SANWARIA,30.92
SAPPHIRE,9999.72
SARDAEN,16160.21
SAREGAMA,8522.18
SARLAPOLY,621.26
SAROJA,18.9
SARTELE,998.68
SARVESHWAR,626.44
SASKEN,2393.14
SASTASUNDR,696.65
SATECH,81.74
SATIA,720
SATIN,1602.93
SATINDLTD,955.34
SATKARTAR,233.97
SAURASHCEM,861.58
SBC,627.62
SBCL,2324.62
SBFC,9562.23
SBGLP,687.42
SBICARD,79400
SBIETFCON,21.93
SBIETFIT,23.41
SBIETFPB,21.19
SBIETFQLTY,41.54
SBILIFE,143267.65
SBIN,615620.29
SBINEQWETF,17.15
SBISILVER,22.88
SCHAEFFLER,47531.95
SCHAND,598.7
SCHNEIDER,14703.7
SCI,6801.13
SCILAL,2110.07
SCML,117.17
SCPL,309.28
SDBL,2173.93
SDL26BEES,5195.44
SDREAMS,189.19
SEAMECLTD,2374.7
SECMARK,93.18
SECURKLOUD,71.16
SEJALLTD,338.3
SEL,83.5
SELAN,776.72
SELMC,86.15
SEMAC,119.21
SENCO,4803.44
SENORES,2524.43
SENSEXADD,7.92
SENSEXETF,16.69
SENSEXIETF,15195.22
SEPC,2085.92
SEQUENT,3754.53
SERVICE,86.64
SERVOTECH,2525.97
SESHAPAPER,1722.08
SETCO,222.05
SETF10GILT,34.33
SETFGOLD,2723.82
SETFNIF50,10554.2
SETFNIFBK,279.92
SETFNN50,34.29
SETUINFRA,7.54
SFL,7869.69
SFML,94.35
SGBAPR28I,1539.74
SGBAUG27,912
SGBAUG28V,5429.06
SGBAUG29V,1951.12
SGBAUG30,2864.75
SGBD29VIII,2109.66
SGBDC27VII,555.92
SGBDE30III,2396.95
SGBDE31III,10473.6
SGBDEC25,90.54
SGBDEC2512,93.98
SGBDEC25XI,68.6
SGBDEC26,175.54
SGBFEB28IX,341.17
SGBFEB29XI,1035.81
SGBFEB32IV,11123.25
SGBJ28VIII,438.58
SGBJAN26,275.4
SGBJAN27,207.07
SGBJAN29IX,2425.05
SGBJAN29X,1026.6
SGBJAN30IX,1969.35
SGBJU29III,1246.25
SGBJUL25,1974.22
SGBJUL27,453.41
SGBJUL28IV,3478.23
SGBJUL29IV,2473.5
SGBJUN27,386.95
SGBJUN28,2011.69
SGBJUN29II,1604.21
SGBJUN30,2163.95
SGBJUN31I,6664.5
SGBMAR25,1875.32
SGBMAR30X,1328.91
SGBMAR31IV,3037.16
SGBMAY25,1704.28
SGBMAY26,555.71
SGBMAY28,2142.55
SGBMAY29I,4480.18
SGBMR29XII,2732.46
SGBN28VIII,1333.5
SGBNOV25,150.59
SGBNOV26,348.01
SGBNV29VII,2744.76
SGBOC28VII,1567.57
SGBOCT25,223.37
SGBOCT25IV,322.9
SGBOCT25V,147.05
SGBOCT26,265.68
SGBOCT27,389.69
SGBOCT27VI,585.78
SGBSEP27,536.85
SGBSEP28VI,2711.29
SGBSEP29VI,2974.69
SGBSEP31II,10017.43
SGIL,601.28
SGL,33.71
SGLTL,2585.41
SHAH,195.93
SHAHALLOYS,95.13
SHAILY,7172.75
SHAKTIPUMP,9761.1
SHALBY,2093.99
SHALPAINTS,915.8
SHANKARA,1333.83
SHANTHALA,17.65
SHANTI,12.72
SHANTIGEAR,3222.83
SHARDACROP,4520.95
SHARDAMOTR,4496.6
SHAREINDIA,4077.46
SHARIABEES,29.46
SHEETAL,86.78
SHEKHAWATI,80.25
SHEMAROO,295.44
SHERA,330.43
SHIGAN,139.16
SHILPAMED,5965.25
SHIVALIK,1103.23
SHIVAMAUTO,378.89
SHIVAMILLS,61.66
SHIVATEX,252.51
SHK,2283.94
SHOPERSTOP,5903.57
SHRADHA,325.26
SHREDIGCEM,1024.35
SHREECEM,98500.44
SHREEKARNI,418.66
SHREEOSFM,157.11
SHREEPUSHK,941.03
SHREERAMA,490.76
SHREMINVIT,6963.62
SHRENIK,41.62
SHREYANIND,248.16
SHRIPISTON,7928.97
SHRIRAMFIN,116395.76
SHRIRAMPPS,1167.6
SHYAMCENT,169.74
SHYAMMETL,19888.14
SHYAMTEL,13.97
SICALLOG,588.61
SIEMENS,164278.39
SIGACHI,1281.44
SIGIND,141.3
SIGMA,266.08
SIGNATURE,14641.21
SIGNPOST,1229.35
SIKKO,158.12
SIL,123.83
SILGO,80.65
SILINV,489.58
SILKFLEX,63.84
SILLYMONKS,18.53
SILVER,523.1
SILVER1,1097.24
SILVERADD,321.34
SILVERBEES,5730.49
SILVERETF,166.01
SILVERIETF,4411.02
SILVERTUC,819.19
SILVRETF,82.91
SIMBHALS,54.82
SIMPLEXINF,1437.71
SINCLAIR,400.03
SINDHUTRAD,2325.23
SINTERCOM,352.08
SIRCA,1482.3
SIS,4414.15
SITINET,50.58
SIYSIL,2744.89
SJLOGISTIC,724.08
SJS,2667.38
SJVN,32955.26
SKFINDIA,18242.61
SKIPPER,4422.68
SKMEGGPROD,451.3
SKP,366.86
SKYGOLD,4661.44
SLONE,127.77
SMALLCAP,469.93
SMARTLINK,139.67
SMCGLOBAL,1193.06
SMLISUZU,1521.69
SMLT,188.78
SMSLIFE,342.54
SMSPHARMA,1617.78
SMVD,12.54
SNOWMAN,771.78
SOBHA,12736.56
SOFTTECH,497.06
SOLARA,1694.55
SOLARAPP,284.79
SOLARINDS,79395.97
SOLEX,816.99
SOMANYCERA,1806.47
SOMATEX,128.83
SOMICONVEY,167.04
SONACOMS,30495.27
SONAMAC,118.44
SONAMLTD,178.78
SONATSOFTW,10117.73
SONUINFRA,76.69
SOTAC,113.82
SOTL,2613.52
SOUTHBANK,6245.1
SOUTHWEST,312.37
SPAL,1712.19
SPANDANA,1809.72
SPARC,3650.62
SPCENET,447.79
SPCL,355.71
SPECIALITY,606.85
SPECTRUM,2902.83
SPECTSTM,295.59
SPENCERS,581.8
SPIC,1532.39
SPLIL,106.43
SPLPETRO,10227.57
SPMLINFRA,1144.41
SPORTKING,952.91
SPPPOLY,35.09
SPRL,21.64
SRD,402.35
SREEL,516.94
SRF,82867.04
SRGHFL,412.07
SRHHYPOLTD,868.45
SRIVASAVI,92.13
SRM,726.18
SRPL,41.98
SSDL,392.04
SSEGL,1035.52
SSFL,124.57
SSWL,2758.82
STALLION,512.6
STANLEY,1579.09
STAR,5750.95
STARCEMENT,8279.51
STARHEALTH,21990.96
STARPAPER,255.56
STARTECK,292.21
STCINDIA,656.94
STEELCAS,1720.4
STEELCITY,137.85
STEELXIND,943.74
STEL,702.23
STERTOOLS,1205.01
STLTECH,4219.38
STOVEKRAFT,2371.21
STYLAMIND,2676.1
STYLEBAAZA,1565.85
STYRENIX,4132.62
SUBEXLTD,772.75
SUBROS,3695.61
SUDARSCHEM,6811.88
SUKHJITS,591.14
SULA,2160.46
SUMICHEM,22960.7
SUMIT,338.33
SUMMITSEC,1599.84
SUNCLAY,4243.89
SUNDARAM,96.2
SUNDARMFIN,50492.26
SUNDARMHLD,5440.43
SUNDRMBRAK,319.41
SUNDRMFAST,19876.04
SUNFLAG,3773.98
SUNLITE,130.56
SUNPHARMA,381494.26
SUNTECK,5346.85
SUNTV,22021.45
SUPERHOUSE,179.7
SUPERSPIN,55.06
SUPRAJIT,5507.01
SUPREME,355.55
SUPREMEENG,59.24
SUPREMEIND,42300.58
SUPREMEINF,225.91
SUPREMEPWR,299.89
SUPRIYA,4828.97
SURAJEST,1433.2
SURAJLTD,596.83
SURAKSHA,1374.67
SURANASOL,155.49
SURANI,199.42
SURYALAXMI,124.72
SURYAROSNI,4663.94
SURYODAY,1199.32
SUTLEJTEX,636.64
SUULD,17.17
SUVEN,2267.75
SUVENPHAR,31158.75
SUVIDHAA,102.18
SUYOG,1112.28
SUZLON,68036.9
SVLL,454
SVPGLOB,41.11
SWANENERGY,12789.04
SWARAJ,314.72
SWARAJENG,3194.78
SWASTIK,109.42
SWELECTES,775.6
SWIGGY,75820.17
SWSOLAR,5985.63
SYLVANPLY,133.88
SYMPHONY,7286.04
SYNCOMF,1441.02
SYNGENE,26321.89
SYNOPTICS,90.4
SYRMA,7398.9
SYSTANGO,303.35
TAC,1252.68
TAINWALCHM,214.43
TAJGVK,2802.76
TAKE,139.21
TALBROAUTO,1326.54
TANLA,5869.32
TARACHAND,462.07
TARAPUR,56.67
TARC,3511.65
TARIL,11706.47
TARMAT,137.65
TARSONS,1602.84
TASTYBITE,2279.89
TATACHEM,19896.47
TATACOMM,38475
TATACONSUM,95614.82
TATAELXSI,33726.57
TATAGOLD,459.88
TATAINVEST,31116.11
TATAMOTORS,228491.41
TATAPOWER,108322.01
TATASTEEL,171224.06
TATATECH,27283.24
TATSILV,143.08
TATVA,1654.99
TBI,203.19
TBOTEK,13187.44
TBZ,1100.19
TCI,6969.99
TCIEXP,2609.84
TCIFINANCE,16.34
TCL,237.31
TCPLPACK,3594.5
TCS,1258370.84
TDPOWERSYS,4919.78
TEAMLEASE,3298.27
TECH,30.92
TECHERA,244.1
TECHLABS,1253.91
TECHM,145462.39
TECHNOE,11210.12
TECILCHEM,44
TEGA,8762.72
TEJASCARGO,401.4
TEJASNET,12548.92
TEMBO,654.51
TERASOFT,212.7
TEXINFRA,1185.7
TEXMOPIPES,151.41
TEXRAIL,5181.49
TFCILTD,1353.75
TFL,76.22
TGBHOTELS,32.83
TGL,394.79
THANGAMAYL,5840.15
THEINVEST,708.72
THEJO,1778.71
THEMISMED,1463.44
THERMAX,40274.83
THESL,37.9
THOMASCOOK,5889.16
THOMASCOTT,412.22
THYROCARE,3608.85
TI,4297.71
TICL,626.98
TIIL,5611.52
TIINDIA,47789.12
TIJARIA,25.68
TIL,1306
TIMESCAN,33.37
TIMESGTY,148.39
TIMETECHNO,8146.75
TIMKEN,18637.32
TIPSFILMS,227.38
TIPSMUSIC,7494.77
TIRUMALCHM,2221.82
TIRUPATI,968.43
TIRUPATIFL,357.49
TITAGARH,9400.23
TITAN,274059.59
TMB,6482.91
TNIDETF,147.63
TNPETRO,610.37
TNPL,878.28
TNTELE,41.01
TOKYOPLAST,106.23
TOLINS,474.5
TOP100CASE,44.17
TOP10ADD,397.61
TORNTPHARM,99013.91
TORNTPOWER,64252.74
TOTAL,110.37
TOUCHWOOD,99.73
TPHQ,167.72
TPLPLASTEH,614.27
TRACXN,576.55
TRANSRAILL,6919.56
TRANSTEEL,200.47
TRANSWORLD,559.92
TREEHOUSE,63.47
TREJHARA,258.24
TREL,710.06
TRENT,172007.94
TRF,352.14
TRIDENT,13152.66
TRIDHYA,56.01
TRIGYN,240.13
TRITURBINE,15544.18
TRIVENI,7705.21
TROM,148.96
TRU,136.89
TRUST,226.82
TTKHLTCARE,1653.25
TTKPRESTIG,8600.46
TTL,263.9
TTML,11608.36
TUNWAL,206.55
TVSELECT,552.05
TVSHLTD,16812.88
TVSMOTOR,106198.6
TVSSCS,6102.16
TVSSRICHAK,2064.34
TVTODAY,931.43
TVVISION,17.13
UBL,51506.12
UCAL,299.2
UCOBANK,43663.16
UDAICEMENT,1404.71
UDS,2042.07
UFLEX,3251.32
UFO,286.45
UGARSUGAR,523.13
UGROCAP,1460.19
UHTL,114.02
UJJIVANSFB,6249.35
ULTRACEMCO,291279.78
UMA,58.39
UMAEXPORTS,292.46
UMANGDAIRY,162.82
UMESLTD,14.82
UNICHEMLAB,4248.28
UNIDT,470.22
UNIECOM,1090.92
UNIENTER,1001.46
UNIHEALTH,210.67
UNIINFO,25.94
UNILEX,81.7
UNIMECH,4729.69
UNIONBANK,86107.07
UNIONGOLD,29.3
UNIPARTS,1453.31
UNITDSPR,93464.58
UNITECH,1624.72
UNITEDPOLY,332.84
UNITEDTEA,182.87
UNIVASTU,278.43
UNIVCABLES,1593.09
UNIVPHOTO,204.7
UNOMINDA,47376.08
UPL,47301.64
URAVIDEF,439.67
URBAN,168.91
URJA,591.14
USASEEDS,122.84
USHAFIN,172.16
USHAMART,9035.59
USK,225.03
UTIAMC,12015.47
UTIBANKETF,3181.66
UTINEXT50,2098.06
UTINIFTETF,54159.44
UTISENSETF,41658.85
UTISXN50,22.84
UTKARSHBNK,2629.54
UTSSAV,412.17
UTTAMSUGAR,709.37
UYFINCORP,357.65
V2RETAIL,5450.76
VADILALIND,2623.56
VAIBHAVGBL,3703.44
VAISHALI,153.5
VAKRANGEE,1505.63
VAL30IETF,9.17
VALIANTLAB,357.9
VALIANTORG,732.75
VARDHACRLC,341.06
VARDMNPOLY,446.43
VARROC,6544.61
VASCONEQ,777.75
VASWANI,116.67
VBL,146261.14
VCL,14.7
VDEAL,63.09
VEDL,154343.02
VEEDOL,2501.3
VEEKAYEM,139.55
VELS,103.52
VENKEYS,2300.46
VENTIVE,12980.24
VENUSPIPES,2623.18
VENUSREM,396
VERANDA,1590.33
VERITAAS,19.82
VERTEXPLUS,48.8
VERTOZ,796.9
VESUVIUS,8016.95
VETO,185.42
VGUARD,13672.29
VHL,932.03
VHLTD,1181.05
VIAZ,79.63
VIDHIING,2257.01
VIESL,315.42
VIJAYA,9411.75
VIJIFIN,33.2
VIKASECO,415.65
VIKASLIFE,561.02
VILAS,815.18
VIMTALABS,1946.05
VINATIORGA,15760.8
VINCOFE,995.97
VINDHYATEL,1596.31
VINEETLAB,33.71
VINNY,60.95
VINSYS,474.02
VINYAS,763.14
VINYLINDIA,414.42
VIPCLOTHNG,296.53
VIPIND,4262.72
VIPULLTD,155.48
VIRINCHI,241.9
VISAKAIND,571.14
VISHNU,2612.57
VISHNUINFR,475.09
VISHWARAJ,216.52
VISHWAS,64.7
VITAL,173.53
VIVIANA,433.2
VIVIDHA,25.46
VLEGOV,582.52
VLSFINANCE,731.05
VMARCIND,616.74
VMART,5899.42
VMM,45743.21
VOLERCAR,95.44
VOLTAMP,9118.18
VOLTAS,43742.96
VPRPL,2016.74
VR,207.13
VRAJ,497.61
VRLLOG,3936.52
VSCL,32.21
VSSL,1653.06
VSTIND,4297.49
VSTL,291.91
VSTTILLERS,2941.76
VTL,11032.02
WAAREEENER,62254.27
WABAG,8134.51
WALCHANNAG,843.53
WANBURY,547.92
WCIL,881.91
WEALTH,973.6
WEBELSOLAR,3955.16
WEIZMANIND,169.33
WEL,2350.5
WELCORP,19177.74
WELENT,5896.43
WELINV,237.54
WELSPUNLIV,10243.75
WENDT,1899
WESTLIFE,10720.75
WEWIN,45.73
WHEELS,1380.59
WHIRLPOOL,11752.14
WILLAMAGOR,27.96
WINDLAS,1625.71
WINDMACHIN,1861.3
WINSOL,218.02
WINSOME,14.49
WIPL,157.02
WIPRO,291632.71
WOCKPHARMA,19135.99
WOL3D,70.23
WOMANCART,165.34
WONDERLA,4027.09
WORTH,223.74
WSI,486.79
WSTCSTPAPR,2599.69
WTICAB,380.87
XCHANGING,1009.43
XELPMOC,141.25
XPROINDIA,2322.55
XTGLOBAL,438.8
YAARI,134.09
YASHO,2034.76
YASHOPTICS,194.29
YATHARTH,3459.12
YATRA,1104.69
YCCL,30.4
YESBANK,52642.93
YUDIZ,46.08
YUKEN,1020.5
ZAGGLE,4785.76
ZEAL,174.09
ZEEL,8931.87
ZEELEARN,212.26
ZEEMEDIA,819.31
ZENITHDRUG,118.07
ZENITHEXPO,136.12
ZENITHSTL,93.19
ZENSARTECH,16755.33
ZENTEC,9443.92
ZFCVINDIA,20580.59
ZIMLAB,442.14
ZODIAC,614.41
ZODIACLOTH,233.29
ZOMATO,213755.27
ZOTA,2290.73
ZTECH,682.09
ZUARI,763.35
ZUARIIND,718.47
ZYDUSLIFE,88146.1
ZYDUSWELL,9862.98
